{
  "version": "3.0-final",
  "solver": "custom_lanczos",
  "eigenvalues": [
    -80.80050302981886
  ],
  "gap": null,
  "mag_z": [
    0.0009446614711388471,
    0.000933037341717939,
    0.0009624280784765016,
    -0.0013863061334563422,
    -0.0036821885758530366,
    -0.00367073640553698,
    -0.0013110221909382767,
    -0.0013279105558436353,
    -0.0024625680307937773,
    -0.0024862332320306785,
    -0.0024561124746517943,
    -9.921658969435421e-05,
    -0.0035861323651998006,
    -0.0035953664600559283,
    -0.0012910220256564663,
    -0.0012819910200063144,
    -0.00014625284086234824,
    -0.00017556104674153967,
    -0.00014094689218681114,
    -0.00018538656707458909,
    -0.005973149913870768,
    -0.005955514678118593,
    -0.00597616258856524,
    -0.005967134014147743,
    -0.0047706973143436335,
    -0.0071361171733128805,
    -0.004823276026982829,
    -0.0048059139679204246,
    -0.008329454669441494,
    -0.006051869978316046,
    -0.00604578616019961,
    -0.006012475627799793
  ],
  "mag_x": [
    0.09734819626767534,
    0.09745060881088638,
    0.09726363634799623,
    0.09724812138799721,
    0.09770998727752786,
    0.09756492466314153,
    0.09743422509996914,
    0.07437660417540476,
    0.09697564097450045,
    0.09708138939048092,
    0.07420489316993184,
    0.07387894339797813,
    0.09729644964643316,
    0.0737919819217052,
    0.07351910781358001,
    0.0733231443938781,
    0.07410598885118709,
    0.09694416532439076,
    0.07383927463398683,
    0.07352025020521133,
    0.0971972029799202,
    0.07370430387102328,
    0.07325932631146605,
    0.07307596811023373,
    0.07301546790218366,
    0.07417247876013336,
    0.09617009357362125,
    0.05038041746157371,
    0.05020130043030166,
    0.05032266022983305,
    0.07364310024528757,
    0.09687139956062983
  ],
  "corr_zz": {
    "0,1": 0.49558855940750574,
    "0,2": 0.49562287805059363,
    "0,4": 0.4956049090876565,
    "0,8": 0.4955974786753125,
    "0,16": 0.5037616971565458,
    "1,3": 0.5015044142355154,
    "1,5": 0.4991477519793913,
    "1,9": 0.49916312787710915,
    "1,17": 0.4957172654251098,
    "2,3": 0.49573826906394886,
    "2,6": 0.4933604028078629,
    "2,10": 0.4956971176725021,
    "2,18": 0.4934065016022933,
    "3,7": 0.493433136649797,
    "3,11": 0.49810729770827905,
    "3,19": 0.4957866316364164,
    "4,5": 0.4934321335932778,
    "4,6": 0.4934526071060203,
    "4,12": 0.4957893066699898,
    "4,20": 0.4980963352522248,
    "5,7": 0.4887613439897525,
    "5,13": 0.48879699716935116,
    "5,21": 0.4934748210890056,
    "6,7": 0.48877936173983755,
    "6,14": 0.5005175422249345,
    "6,22": 0.5028760369579355,
    "7,15": 0.498177678868606,
    "7,23": 0.4982478150454689,
    "8,9": 0.49815575416776775,
    "8,10": 0.4958308557810939,
    "8,12": 0.5004593632059141,
    "8,24": 0.49822137167245,
    "9,11": 0.49694498194081477,
    "9,13": 0.494605219249106,
    "9,25": 0.4969520394659949,
    "10,11": 0.49457905214075865,
    "10,14": 0.4910910485811786,
    "10,26": 0.4934166529857601,
    "11,15": 0.4910588342326305,
    "11,27": 0.49339613862272347,
    "12,13": 0.4910706317598505,
    "12,14": 0.4910873717171092,
    "12,28": 0.4934431596420135,
    "13,15": 0.49339324649936184,
    "13,29": 0.4957730252662364,
    "14,15": 0.4957175112689867,
    "14,30": 0.4980582127847503,
    "15,31": 0.49581394049461586,
    "16,17": 0.4935001118919116,
    "16,18": 0.49579726134048757,
    "16,20": 0.4958330336643996,
    "16,24": 0.49814331614005664,
    "17,19": 0.4968946537098153,
    "17,21": 0.496963134692571,
    "17,25": 0.49700486878370703,
    "18,19": 0.4969249713439369,
    "18,22": 0.5040822485613187,
    "18,26": 0.5017732426446322,
    "19,23": 0.501795135104081,
    "19,27": 0.49951465746767376,
    "20,21": 0.5017077405297592,
    "20,22": 0.5040470039297598,
    "20,28": 0.5040441194419569,
    "21,23": 0.4994097675696771,
    "21,29": 0.5006217337098594,
    "22,23": 0.5006041120152723,
    "22,30": 0.5005924483499243,
    "23,31": 0.4983128165767549,
    "24,25": 0.5018738319783907,
    "24,26": 0.501876864726583,
    "24,28": 0.5041746189735714,
    "25,27": 0.5018766473874152,
    "25,29": 0.9644398665026593,
    "26,27": 0.9598239221731492,
    "26,30": 0.9597498922009285,
    "27,31": 0.962154077523944,
    "28,29": 0.9622190565652765,
    "28,30": 0.9621790609663465,
    "29,31": 0.9621714917086188,
    "30,31": 0.9621861768020715
  },
  "site_entropy": {
    "0": 0.9927562916342396,
    "1": 0.9927562902406639,
    "2": 0.9927562961039,
    "3": 0.9927563076771405,
    "4": 0.992756302634157,
    "5": 0.9927563010465967,
    "6": 0.9927562844984146,
    "7": 0.9927562842577026,
    "8": 0.9927562884731271,
    "9": 0.9927562990316432,
    "10": 0.9927562727043843,
    "11": 0.9927563065912786,
    "12": 0.9927562872706794,
    "13": 0.9927562931092064,
    "14": 0.9927563061194502,
    "15": 0.992756305215811,
    "16": 0.992756309579374,
    "17": 0.9927562785429924,
    "18": 0.9927563177110583,
    "19": 0.9927563489614284,
    "20": 0.992756300309434,
    "21": 0.9927562873884926,
    "22": 0.99275630736378,
    "23": 0.9927563046315602,
    "24": 0.9927563081328747,
    "25": 0.9927563097901997,
    "26": 0.992756286211194,
    "27": 0.9927562990320127,
    "28": 0.9927562998491708,
    "29": 0.9927562990567949,
    "30": 0.9927562890502911,
    "31": 0.9927562999437819
  },
  "mi": {
    "0,1": 0.9855429268153333,
    "0,2": 0.9855429319254227,
    "0,4": 0.9855429387180673,
    "0,8": 0.9855429251655712,
    "0,16": 0.985542944823733,
    "1,3": 0.985542941989642,
    "1,5": 0.985542937070679,
    "1,9": 0.9855429344950171,
    "1,17": 0.9855429136190822,
    "2,3": 0.9855429479612499,
    "2,6": 0.9855429251806598,
    "2,10": 0.9855429136150996,
    "2,18": 0.985542957761131,
    "3,7": 0.9855429369367023,
    "3,11": 0.9855429589631607,
    "3,19": 0.9855430004967075,
    "4,5": 0.9855429483596041,
    "4,6": 0.9855429313739317,
    "4,12": 0.9855429343959923,
    "4,20": 0.9855429466551489,
    "5,7": 0.9855429296202116,
    "5,13": 0.985542939652658,
    "5,21": 0.9855429325626479,
    "6,7": 0.9855429135749805,
    "6,14": 0.985542934664783,
    "6,22": 0.9855429354784422,
    "7,15": 0.9855429343385143,
    "7,23": 0.9855429339340316,
    "8,9": 0.9855429329858485,
    "8,10": 0.9855429058854009,
    "8,12": 0.9855429201886816,
    "8,24": 0.985542940458171,
    "9,11": 0.9855429501136872,
    "9,13": 0.9855429364293848,
    "9,25": 0.9855429535697683,
    "10,11": 0.9855429239504838,
    "10,14": 0.9855429243877136,
    "10,26": 0.9855429028663586,
    "11,15": 0.9855429562075868,
    "11,27": 0.9855429499752012,
    "12,13": 0.9855429250868954,
    "12,14": 0.9855429367907228,
    "12,28": 0.9855429322939253,
    "13,15": 0.9855429431889968,
    "13,29": 0.9855429362057959,
    "14,15": 0.9855429555993956,
    "14,30": 0.9855429386263039,
    "15,31": 0.9855429481433582,
    "16,17": 0.9855429327266356,
    "16,18": 0.9855429709971724,
    "16,20": 0.9855429545123774,
    "16,24": 0.9855429622484351,
    "17,19": 0.985542971090599,
    "17,21": 0.9855429116216853,
    "17,25": 0.9855429327692807,
    "18,19": 0.9855430100058273,
    "18,22": 0.985542969227438,
    "18,26": 0.9855429480072823,
    "19,23": 0.9855429978970849,
    "19,27": 0.9855429911388582,
    "20,21": 0.9855429324603846,
    "20,22": 0.9855429513359021,
    "20,28": 0.9855429443890338,
    "21,23": 0.9855429357595391,
    "21,29": 0.9855429320214808,
    "22,23": 0.9855429571106197,
    "22,30": 0.9855429398715136,
    "23,31": 0.9855429472790633,
    "24,25": 0.9855429622288343,
    "24,26": 0.9855429391477977,
    "24,28": 0.9855429528950521,